1700 EMBARCADERO, Oakland, CA
3300 INTERNATIONAL BLVD, Oakland, CA
1400 17TH AV, Oakland, CA
2300 WEST ST, Oakland, CA
3100 INTERNATIONAL BLVD, Oakland, CA
3000 INTERNATIONAL BLVD, Oakland, CA
3200 INTERNATIONAL BLVD, Oakland, CA
3700 INTERNATIONAL BLVD, Oakland, CA
1800 EMBARCADERO, Oakland, CA
2000 LIVINGSTON ST, Oakland, CA
1400 20TH AV, Oakland, CA
E 12TH ST  18TH AV, Oakland, CA
1400 31ST AV, Oakland, CA
1500 17TH AV, Oakland, CA
1600 INTERNATIONAL BLVD, Oakland, CA
2400 E 12TH ST, Oakland, CA
1900 INTERNATIONAL BLVD, Oakland, CA
300 10TH ST, Oakland, CA
1400 20TH AV, Oakland, CA
E 10TH ST  7TH AV, Oakland, CA
1400 20TH AV, Oakland, CA
1800 EMBARCADERO COVE, Oakland, CA
1900 INTERNATIONAL BLVD, Oakland, CA
1800 EMBARCADERO, Oakland, CA
1800 EMBARCADERO, Oakland, CA
1800 EMBARCADERO, Oakland, CA
1800 EMBARCADERO COVE, Oakland, CA
1800 EMBARCADERO, Oakland, CA
1800 EMBARACADERO, Oakland, CA
1800 EMBARCADERO, Oakland, CA
2600 E 14TH ST, Oakland, CA
1700 INTERNATIONAL BLVD, Oakland, CA
2700 INTERNATIONAL BLVD, Oakland, CA
1400 17TH AV, Oakland, CA
1400 17TH AV, Oakland, CA
1900 E 15TH ST, Oakland, CA
1700 MARIN WY, Oakland, CA
1400 17TH AV, Oakland, CA
1400 14TH AV, Oakland, CA
17TH AV  MARIN WY, Oakland, CA
17TH AV  INTERNATIONAL BLVD, Oakland, CA
1400 17TH AV, Oakland, CA
1700 INTERNATIONAL BLVD, Oakland, CA
1700 MARIN WY, Oakland, CA
1400 17TH AV, Oakland, CA
1400 17TH AV, Oakland, CA
1400 DERBY AV, Oakland, CA
1700 INTERNATIONAL BLVD, Oakland, CA
3200 FRUITVALE AV, Oakland, CA
1700 E 15TH ST, Oakland, CA
1800 E 15TH ST, Oakland, CA
1700 INTERNATIONAL BLVD, Oakland, CA
2400 E 12TH ST, Oakland, CA
1700 INTERNATIONAL BLVD, Oakland, CA
1700 INTERNATIONAL BLVD, Oakland, CA
1800 EMBARCADERO, Oakland, CA
1800 EMBARCADERO, Oakland, CA
1800 EMBARCADERO COVE, Oakland, CA
1800 EMBARCADERO, Oakland, CA
1800 EMBARCADERO COVE, Oakland, CA
1800 EMBARCADERO COVE, Oakland, CA
1800 EMBARCADERO, Oakland, CA
1400 17TH AV, Oakland, CA
1700 15TH ST, Oakland, CA
1400 17TH AV, Oakland, CA
1400 17TH AV, Oakland, CA
1400 17TH AV, Oakland, CA
1400 17TH AV, Oakland, CA
1400 17TH AV, Oakland, CA
1400 17TH AV, Oakland, CA
1400 17TH AV, Oakland, CA
1700 INTERNATIONAL BLVD, Oakland, CA
1400 17TH AV, Oakland, CA
1400 17TH AV, Oakland, CA
2500 MARTIN LUTHER KING JR W, Oakland, CA
17TH AV  MARIN WY, Oakland, CA
34TH AV  INTERNATIONAL BLVD, Oakland, CA
